,Substrate,AAM,E-1,E-2
0,C1=CC=CC=C1C(C)=O,[At:10][H:20].[H+:19].[c:1]1([H:21])[c:3]([C:4](=[O:5])[C:7]([H:24])([H:25])[H:26])[c:2]([H:22])[c:9]([H:28])[c:8]([H:27])[c:6]1[H:23]>>[At+:10].[c:1]1([H:21])[c:3]([C:4]([O:5][H:19])([C:7]([H:24])([H:25])[H:26])[H:20])[c:2]([H:22])[c:9]([H:28])[c:8]([H:27])[c:6]1[H:23],0,0
1,C1=CC(=CC=C1C(C)=O)F,[At:11][H:20].[H+:19].[O:1]=[C:10]([C:5]([H:22])([H:23])[H:24])[c:8]1[c:7]([H:26])[c:6]([H:25])[c:3]([F:4])[c:2]([H:21])[c:9]1[H:27]>>[At+:11].[O:1]([C:10]([C:5]([H:22])([H:23])[H:24])([c:8]1[c:7]([H:26])[c:6]([H:25])[c:3]([F:4])[c:2]([H:21])[c:9]1[H:27])[H:20])[H:19],0,1
2,C1=C(C=CC=C1C(C)=O)Br,[At:11][H:20].[H+:19].[c:1]1([C:5](=[O:7])[C:8]([H:23])([H:24])[H:25])[c:2]([H:21])[c:3]([Br:4])[c:6]([H:22])[c:9]([H:26])[c:10]1[H:27]>>[At+:11].[c:1]1([C:5]([O:7][H:19])([C:8]([H:23])([H:24])[H:25])[H:20])[c:2]([H:21])[c:3]([Br:4])[c:6]([H:22])[c:9]([H:26])[c:10]1[H:27],0,1
3,C1(=CC=CC=C1C(C)=O)Br,[At:11][H:20].[H+:19].[c:1]1([H:21])[c:2]([Br:3])[c:4]([C:5](=[O:6])[C:9]([H:24])([H:25])[H:26])[c:7]([H:22])[c:8]([H:23])[c:10]1[H:27]>>[At+:11].[c:1]1([H:21])[c:2]([Br:3])[c:4]([C:5]([O:6][H:19])([C:9]([H:24])([H:25])[H:26])[H:20])[c:7]([H:22])[c:8]([H:23])[c:10]1[H:27],0,0
4,C1=CC(=CC=C1C(C)=O)Br,[At:11][H:20].[H+:19].[O:1]=[C:10]([C:5]([H:22])([H:23])[H:24])[c:8]1[c:7]([H:26])[c:6]([H:25])[c:3]([Br:4])[c:2]([H:21])[c:9]1[H:27]>>[At+:11].[O:1]([C:10]([C:5]([H:22])([H:23])[H:24])([c:8]1[c:7]([H:26])[c:6]([H:25])[c:3]([Br:4])[c:2]([H:21])[c:9]1[H:27])[H:20])[H:19],0,1
5,C1=CC(=CC=C1C(C)=O)O,[At:11][H:20].[C:1]([C:8]([c:6]1[c:5]([H:27])[c:4]([H:26])[c:3]([O:2][H:25])[c:9]([H:29])[c:7]1[H:28])=[O:10])([H:22])([H:23])[H:24].[H+:21]>>[At+:11].[C:1]([C:8]([c:6]1[c:5]([H:27])[c:4]([H:26])[c:3]([O:2][H:25])[c:9]([H:29])[c:7]1[H:28])([O:10][H:21])[H:20])([H:22])([H:23])[H:24],0,0
6,C1(=CC=CC=C1C(C)=O)O,[At:11][H:20].[H+:21].[c:1]1([H:22])[c:4]([C:5](=[O:6])[C:8]([H:25])([H:26])[H:27])[c:3]([O:2][H:23])[c:10]([H:29])[c:9]([H:28])[c:7]1[H:24]>>[At+:11].[c:1]1([H:22])[c:4]([C:5]([O:6][H:21])([C:8]([H:25])([H:26])[H:27])[H:20])[c:3]([O:2][H:23])[c:10]([H:29])[c:9]([H:28])[c:7]1[H:24],0,0
7,C1=C(C=CC=C1C(C)=O)O,[At:11][H:20].[H+:21].[O:1]([c:2]1[c:3]([H:23])[c:4]([C:5](=[O:8])[C:9]([H:26])([H:27])[H:28])[c:6]([H:24])[c:7]([H:25])[c:10]1[H:29])[H:22]>>[At+:11].[O:1]([c:2]1[c:3]([H:23])[c:4]([C:5]([O:8][H:21])([C:9]([H:26])([H:27])[H:28])[H:20])[c:6]([H:24])[c:7]([H:25])[c:10]1[H:29])[H:22],0,1
8,C1(=CC(=CC=C1C(C)=O)Br)O,[At:12][H:20].[H+:21].[O:1]([c:2]1[c:3]([C:4](=[O:5])[C:8]([H:24])([H:25])[H:26])[c:11]([H:28])[c:6]([H:23])[c:7]([Br:9])[c:10]1[H:27])[H:22]>>[At+:12].[O:1]([c:2]1[c:3]([C:4]([O:5][H:21])([C:8]([H:24])([H:25])[H:26])[H:20])[c:11]([H:28])[c:6]([H:23])[c:7]([Br:9])[c:10]1[H:27])[H:22],0,0
9,C1=CC=CC(=C1C(C)=O)OC,[At:12][H:24].[C:1]([C:9]([c:8]1[c:3]([O:4][C:5]([H:29])([H:30])[H:31])[c:2]([H:28])[c:10]([H:34])[c:7]([H:33])[c:6]1[H:32])=[O:11])([H:25])([H:26])[H:27].[H+:23]>>[At+:12].[C:1]([C:9]([c:8]1[c:3]([O:4][C:5]([H:29])([H:30])[H:31])[c:2]([H:28])[c:10]([H:34])[c:7]([H:33])[c:6]1[H:32])([O:11][H:23])[H:24])([H:25])([H:26])[H:27],0,0
10,C1=C(C=CC(=C1C(C)=O)OC)CC,[At:14][H:30].[H+:29].[c:1]1([C:6]([C:8]([H:37])([H:38])[H:39])([H:32])[H:33])[c:2]([H:31])[c:3]([C:10](=[O:11])[C:12]([H:41])([H:42])[H:43])[c:4]([O:5][C:7]([H:34])([H:35])[H:36])[c:9]([H:40])[c:13]1[H:44]>>[At+:14].[c:1]1([C:6]([C:8]([H:37])([H:38])[H:39])([H:32])[H:33])[c:2]([H:31])[c:3]([C:10]([O:11][H:29])([C:12]([H:41])([H:42])[H:43])[H:30])[c:4]([O:5][C:7]([H:34])([H:35])[H:36])[c:9]([H:40])[c:13]1[H:44],0,0
11,C1=C(C(=C(C=C1C(C)=O)OC)OC)OC,[At:16][H:32].[H+:31].[O:1]([C:5]([H:34])([H:35])[H:36])[c:15]1[c:7]([H:40])[c:10]([C:11](=[O:12])[C:14]([H:44])([H:45])[H:46])[c:2]([H:33])[c:3]([O:4][C:6]([H:37])([H:38])[H:39])[c:8]1[O:9][C:13]([H:41])([H:42])[H:43]>>[At+:16].[O:1]([C:5]([H:34])([H:35])[H:36])[c:15]1[c:7]([H:40])[c:10]([C:11]([O:12][H:31])([C:14]([H:44])([H:45])[H:46])[H:32])[c:2]([H:33])[c:3]([O:4][C:6]([H:37])([H:38])[H:39])[c:8]1[O:9][C:13]([H:41])([H:42])[H:43],0,0
12,C1=CC(=CC=C1C(C)=O)OCC,[At:13][H:27].[H+:26].[c:1]1([H:28])[c:2]([O:3][C:5]([C:10]([H:35])([H:36])[H:37])([H:30])[H:31])[c:12]([H:39])[c:4]([H:29])[c:6]([C:7](=[O:8])[C:9]([H:32])([H:33])[H:34])[c:11]1[H:38]>>[At+:13].[c:1]1([H:28])[c:2]([O:3][C:5]([C:10]([H:35])([H:36])[H:37])([H:30])[H:31])[c:12]([H:39])[c:4]([H:29])[c:6]([C:7]([O:8][H:26])([C:9]([H:32])([H:33])[H:34])[H:27])[c:11]1[H:38],0,1
13,C1=C2C(=CC=C1C(C)=O)OCO2,[At:13][H:22].[H+:23].[c:1]1([H:24])[c:2]2[c:10]([c:11]([H:18])[c:12]([H:30])[c:4]1[C:5](=[O:7])[C:9]([H:27])([H:28])[H:29])[O:8][C:6]([H:25])([H:26])[O:3]2>>[At+:13].[c:12]1([H:30])[c:11]([H:18])[c:10]2[c:2]([c:1]([H:24])[c:4]1[C:5]([O:7][H:23])([C:9]([H:27])([H:28])[H:29])[H:22])[O:3][C:6]([H:25])([H:26])[O:8]2,0,1
14,C1(=CC=C(C=C1C(C)=O)F)O,[At:12][H:20].[H+:21].[O:1]([c:2]1[c:3]([C:4](=[O:5])[C:9]([H:24])([H:25])[H:26])[c:11]([H:28])[c:6]([F:7])[c:8]([H:23])[c:10]1[H:27])[H:22]>>[At+:12].[O:1]([c:2]1[c:3]([C:4]([O:5][H:21])([C:9]([H:24])([H:25])[H:26])[H:20])[c:11]([H:28])[c:6]([F:7])[c:8]([H:23])[c:10]1[H:27])[H:22],0,0
15,C1=C(C(=CC=C1C(C)=O)Br)F,[At:12][H:20].[C:1](=[O:7])([C:9]([H:23])([H:24])[H:25])[c:11]1[c:2]([H:21])[c:3]([F:4])[c:5]([Br:6])[c:8]([H:22])[c:10]1[H:26].[H+:19]>>[At+:12].[C:1]([O:7][H:19])([C:9]([H:23])([H:24])[H:25])([c:11]1[c:2]([H:21])[c:3]([F:4])[c:5]([Br:6])[c:8]([H:22])[c:10]1[H:26])[H:20],1,1
16,C1(=CC(=CC=C1C(C)=O)Br)F,[At:12][H:20].[H+:19].[c:1]1([H:21])[c:5]([C:6](=[O:7])[C:9]([H:24])([H:25])[H:26])[c:3]([F:4])[c:2]([H:22])[c:10]([Br:11])[c:8]1[H:23]>>[At+:12].[c:1]1([H:21])[c:5]([C:6]([O:7][H:19])([C:9]([H:24])([H:25])[H:26])[H:20])[c:3]([F:4])[c:2]([H:22])[c:10]([Br:11])[c:8]1[H:23],0,1
17,C1=C(C=CC=C1C(CNC)=O)O,[At:13][H:25].[H+:26].[O:1]([c:2]1[c:4]([H:31])[c:5]([C:6](=[O:7])[C:8]([N:12]([C:3]([H:28])([H:29])[H:30])[H:37])([H:32])[H:33])[c:9]([H:34])[c:10]([H:35])[c:11]1[H:36])[H:27]>>[At+:13].[O:1]([c:2]1[c:4]([H:31])[c:5]([C:6]([O:7][H:26])([C:8]([N:12]([C:3]([H:28])([H:29])[H:30])[H:37])([H:32])[H:33])[H:25])[c:9]([H:34])[c:10]([H:35])[c:11]1[H:36])[H:27],0,0
18,C1=CC(=CC=C1C(=O)C)N,[At:11][H:22].[H+:21].[c:1]1([H:23])[c:2]([C:3](=[O:4])[C:7]([H:25])([H:26])[H:27])[c:10]([H:31])[c:5]([H:24])[c:6]([N:9]([H:29])[H:30])[c:8]1[H:28]>>[At+:11].[c:1]1([H:23])[c:2]([C:3]([O:4][H:21])([C:7]([H:25])([H:26])[H:27])[H:22])[c:10]([H:31])[c:5]([H:24])[c:6]([N:9]([H:29])[H:30])[c:8]1[H:28],0,0
19,C1=CC(=CC=C1C(=O)C)[N+](=O)[O-],[At:13][H:22].[H+:21].[c:1]1([H:23])[c:2]([C:3](=[O:4])[C:7]([H:25])([H:26])[H:27])[c:11]([H:28])[c:12]([H:29])[c:5]([N+:8](=[O:9])[O-:10])[c:6]1[H:24]>>[At+:13].[c:1]1([H:23])[c:2]([C:3]([O:4][H:21])([C:7]([H:25])([H:26])[H:27])[H:22])[c:11]([H:28])[c:12]([H:29])[c:5]([N+:8](=[O:9])[O-:10])[c:6]1[H:24],1,1
20,C1=C(C=C(C=C1C(=O)C)C(F)(F)F)C(F)(F)F,[At:18][H:26].[F:1][C:16]([F:6])([c:15]1[c:2]([H:27])[c:3]([C:4](=[O:5])[C:9]([H:28])([H:29])[H:30])[c:12]([H:31])[c:13]([C:7]([F:8])([F:10])[F:11])[c:14]1[H:32])[F:17].[H+:25]>>[At+:18].[F:1][C:16]([F:6])([c:15]1[c:2]([H:27])[c:3]([C:4]([O:5][H:25])([C:9]([H:28])([H:29])[H:30])[H:26])[c:12]([H:31])[c:13]([C:7]([F:8])([F:10])[F:11])[c:14]1[H:32])[F:17],0,0
21,C1=NC=CC=C1C(=O)C,[At:10][H:19].[H+:18].[c:1]1([C:4](=[O:6])[C:7]([H:22])([H:23])[H:24])[c:2]([H:20])[n:3][c:5]([H:21])[c:8]([H:25])[c:9]1[H:26]>>[At+:10].[c:1]1([C:4]([O:6][H:18])([C:7]([H:22])([H:23])[H:24])[H:19])[c:2]([H:20])[n:3][c:5]([H:21])[c:8]([H:25])[c:9]1[H:26],0,1
22,C1=NC(=CC=C1C(=O)C)F,[At:11][H:19].[C:1](=[O:6])([C:8]([H:22])([H:23])[H:24])[c:10]1[c:2]([H:20])[n:3][c:4]([F:5])[c:7]([H:21])[c:9]1[H:25].[H+:18]>>[At+:11].[C:1]([O:6][H:18])([C:8]([H:22])([H:23])[H:24])([c:10]1[c:2]([H:20])[n:3][c:4]([F:5])[c:7]([H:21])[c:9]1[H:25])[H:19],0,1
23,C1=NC(=CC=C1C(=O)C)Cl,[At:11][H:19].[C:1](=[O:6])([C:8]([H:22])([H:23])[H:24])[c:10]1[c:2]([H:20])[n:3][c:4]([Cl:5])[c:7]([H:21])[c:9]1[H:25].[H+:18]>>[At+:11].[C:1]([O:6][H:18])([C:8]([H:22])([H:23])[H:24])([c:10]1[c:2]([H:20])[n:3][c:4]([Cl:5])[c:7]([H:21])[c:9]1[H:25])[H:19],0,0
24,C1=CC=C(C(=O)C)N=C1,[At:10][H:19].[H+:18].[c:1]1([H:20])[n:2][c:3]([C:4](=[O:5])[C:8]([H:23])([H:24])[H:25])[c:6]([H:21])[c:7]([H:22])[c:9]1[H:26]>>[At+:10].[c:1]1([H:20])[n:2][c:3]([C:4]([O:5][H:18])([C:8]([H:23])([H:24])[H:25])[H:19])[c:6]([H:21])[c:7]([H:22])[c:9]1[H:26],0,0
25,C1=CC=C(C(=O)C(F)(F)F)C=C1,[At:13][H:20].[H+:19].[c:1]1([H:21])[c:2]([C:3](=[O:4])[C:5]([F:6])([F:7])[F:8])[c:10]([H:23])[c:12]([H:25])[c:9]([H:22])[c:11]1[H:24]>>[At+:13].[c:1]1([H:21])[c:2]([C:3]([O:4][H:19])([C:5]([F:6])([F:7])[F:8])[H:20])[c:10]([H:23])[c:12]([H:25])[c:9]([H:22])[c:11]1[H:24],0,0
26,C1=CC=C(C(=O)CBr)C=C1,[At:11][H:20].[H+:19].[c:1]1([H:21])[c:2]([C:3](=[O:4])[C:6]([Br:8])([H:23])[H:24])[c:10]([H:27])[c:5]([H:22])[c:7]([H:25])[c:9]1[H:26]>>[At+:11].[c:1]1([H:21])[c:2]([C:3]([O:4][H:19])([C:6]([Br:8])([H:23])[H:24])[H:20])[c:10]([H:27])[c:5]([H:22])[c:7]([H:25])[c:9]1[H:26],0,1
27,C2=CC=C(C(=O)C1=CC=CC=C1)C=C2,[At:15][H:27].[H+:26].[c:1]1([H:28])[c:6]([C:4]([c:3]2[c:2]([H:29])[c:14]([H:37])[c:12]([H:35])[c:10]([H:33])[c:8]2[H:31])=[O:5])[c:7]([H:30])[c:9]([H:32])[c:11]([H:34])[c:13]1[H:36]>>[At+:15].[c:1]1([H:28])[c:6]([C:4]([c:3]2[c:2]([H:29])[c:14]([H:37])[c:12]([H:35])[c:10]([H:33])[c:8]2[H:31])([O:5][H:26])[H:27])[c:7]([H:30])[c:9]([H:32])[c:11]([H:34])[c:13]1[H:36],0,0
28,C1(=CC=C(C(=O)CCl)C=C1F)F,[At:13][H:20].[H+:19].[O:1]=[C:12]([C:7]([Cl:11])([H:22])[H:23])[c:10]1[c:2]([H:21])[c:3]([F:4])[c:5]([F:6])[c:8]([H:24])[c:9]1[H:25]>>[At+:13].[O:1]([C:12]([C:7]([Cl:11])([H:22])[H:23])([c:10]1[c:2]([H:21])[c:3]([F:4])[c:5]([F:6])[c:8]([H:24])[c:9]1[H:25])[H:20])[H:19],0,1
29,C12=CC=C(C(=O)C)C=C1C=CC=C2,[At:14][H:26].[H+:25].[c:1]12[c:6]([c:2]([H:27])[c:3]([C:4](=[O:5])[C:8]([H:29])([H:30])[H:31])[c:10]([H:33])[c:12]1[H:35])[c:7]([H:28])[c:9]([H:32])[c:11]([H:34])[c:13]2[H:36]>>[At+:14].[c:1]12[c:6]([c:2]([H:27])[c:3]([C:4]([O:5][H:25])([C:8]([H:29])([H:30])[H:31])[H:26])[c:10]([H:33])[c:12]1[H:35])[c:7]([H:28])[c:9]([H:32])[c:11]([H:34])[c:13]2[H:36],0,0
30,C1=CC=C(CC(C)=O)C=C1,[At:11][H:23].[H+:22].[c:1]1([H:24])[c:2]([C:3]([C:6](=[O:7])[C:8]([H:29])([H:30])[H:31])([H:25])[H:26])[c:4]([H:27])[c:5]([H:28])[c:9]([H:32])[c:10]1[H:33]>>[At+:11].[c:1]1([H:24])[c:2]([C:3]([C:6]([O:7][H:22])([C:8]([H:29])([H:30])[H:31])[H:23])([H:25])[H:26])[c:4]([H:27])[c:5]([H:28])[c:9]([H:32])[c:10]1[H:33],0,1
31,C1=CC=C(CCC(C)=O)C=C1,[At:12][H:26].[C:1]([c:3]1[c:2]([H:29])[c:11]([H:38])[c:8]([H:34])[c:6]([H:33])[c:4]1[H:30])([C:5]([C:7](=[O:9])[C:10]([H:35])([H:36])[H:37])([H:31])[H:32])([H:27])[H:28].[H+:25]>>[At+:12].[C:1]([c:3]1[c:2]([H:29])[c:11]([H:38])[c:8]([H:34])[c:6]([H:33])[c:4]1[H:30])([C:5]([C:7]([O:9][H:25])([C:10]([H:35])([H:36])[H:37])[H:26])([H:31])[H:32])([H:27])[H:28],0,1
32,C1=CC=C(C=CC(C)=O)C=C1,[At:12][H:24].[H+:23].[c:1]1([H:25])[c:3]([C:2](=[C:5]([C:7](=[O:8])[C:10]([H:31])([H:32])[H:33])[H:28])[H:26])[c:4]([H:27])[c:6]([H:29])[c:9]([H:30])[c:11]1[H:34]>>[At+:12].[c:1]1([H:25])[c:3]([C:2](=[C:5]([C:7]([O:8][H:23])([C:10]([H:31])([H:32])[H:33])[H:24])[H:28])[H:26])[c:4]([H:27])[c:6]([H:29])[c:9]([H:30])[c:11]1[H:34],0,0
33,C1(=CC2=C(C=C1)C(CCC2)=O)OC,[At:14][H:28].[C:1]1(=[O:5])[C:6]([H:30])([H:31])[C:8]([H:35])([H:36])[C:11]([H:39])([H:40])[c:12]2[c:2]([H:29])[c:3]([O:4][C:7]([H:32])([H:33])[H:34])[c:9]([H:37])[c:10]([H:38])[c:13]21.[H+:27]>>[At+:14].[C:1]1([O:5][H:27])([H:28])[C:6]([H:30])([H:31])[C:8]([H:35])([H:36])[C:11]([H:39])([H:40])[c:12]2[c:2]([H:29])[c:3]([O:4][C:7]([H:32])([H:33])[H:34])[c:9]([H:37])[c:10]([H:38])[c:13]21,0,0
34,C1C(CCCC1)C(C)=O,[At:10][H:26].[C:1]1([C:2](=[O:3])[C:5]([H:30])([H:31])[H:32])([H:27])[C:8]([H:37])([H:38])[C:7]([H:35])([H:36])[C:6]([H:33])([H:34])[C:4]([H:28])([H:29])[C:9]1([H:39])[H:40].[H+:25]>>[At+:10].[C:1]1([C:2]([O:3][H:25])([C:5]([H:30])([H:31])[H:32])[H:26])([H:27])[C:8]([H:37])([H:38])[C:7]([H:35])([H:36])[C:6]([H:33])([H:34])[C:4]([H:28])([H:29])[C:9]1([H:39])[H:40],0,1
35,C(CCCCCCC(C)=O)C,[At:12][H:34].[C:1]([C:4]([C:7]([C:8]([C:9]([C:11]([H:52])([H:53])[H:54])([H:48])[H:49])([H:46])[H:47])([H:44])[H:45])([H:39])[H:40])([C:10]([C:2]([C:3](=[O:5])[C:6]([H:41])([H:42])[H:43])([H:37])[H:38])([H:50])[H:51])([H:35])[H:36].[H+:33]>>[At+:12].[C:1]([C:4]([C:7]([C:8]([C:9]([C:11]([H:52])([H:53])[H:54])([H:48])[H:49])([H:46])[H:47])([H:44])[H:45])([H:39])[H:40])([C:10]([C:2]([C:3]([O:5][H:33])([C:6]([H:41])([H:42])[H:43])[H:34])([H:37])[H:38])([H:50])[H:51])([H:35])[H:36],0,0
36,C12C(CN(CC1)CC2)=O,[At:10][H:23].[C:1]12([H:24])[C:2](=[O:3])[C:5]([H:27])([H:28])[N:7]([C:6]([H:29])([H:30])[C:8]1([H:31])[H:32])[C:9]([H:33])([H:34])[C:4]2([H:25])[H:26].[H+:22]>>[At+:10].[C:1]12([H:24])[C:2]([O:3][H:22])([H:23])[C:5]([H:27])([H:28])[N:7]([C:6]([H:29])([H:30])[C:8]1([H:31])[H:32])[C:9]([H:33])([H:34])[C:4]2([H:25])[H:26],0,0
37,C4[C@]1(C(=CC[C@@H]2[C@@H]1CC[C@]3([C@H]2CC[C@@H]3[C@@H](CCCC(C)C)C)C)CC(C4)=O)C,[At:29][H:75].[C:1]1([H:76])=[C:2]2[C@@:3]([C:28]([H:117])([H:118])[H:119])([C:4]3([H:77])[C:6]([H:81])([C:7]4([H:82])[C@@:9]([C:17]([H:98])([H:99])[H:100])([C:10]([C:12]([C:8]([H:83])([H:84])[H:85])([C:15]([C:18]([C:22]([C:26]([C:5]([H:78])([H:79])[H:80])([C:27]([H:114])([H:115])[H:116])[H:113])([H:109])[H:110])([H:101])[H:102])([H:94])[H:95])[H:89])([H:86])[C:11]([H:87])([H:88])[C:13]4([H:90])[H:91])[C:14]([H:92])([H:93])[C:16]3([H:96])[H:97])[C:19]1([H:103])[H:104])[C:20]([H:105])([H:106])[C:21]([H:107])([H:108])[C:23](=[O:24])[C:25]2([H:111])[H:112].[H+:74]>>[At+:29].[C:1]1([H:76])=[C:2]2[C@@:3]([C:28]([H:117])([H:118])[H:119])([C:4]3([H:77])[C:6]([H:81])([C:7]4([H:82])[C@@:9]([C:17]([H:98])([H:99])[H:100])([C:10]([C:12]([C:8]([H:83])([H:84])[H:85])([C:15]([C:18]([C:22]([C:26]([C:5]([H:78])([H:79])[H:80])([C:27]([H:114])([H:115])[H:116])[H:113])([H:109])[H:110])([H:101])[H:102])([H:94])[H:95])[H:89])([H:86])[C:11]([H:87])([H:88])[C:13]4([H:90])[H:91])[C:14]([H:92])([H:93])[C:16]3([H:96])[H:97])[C:19]1([H:103])[H:104])[C:20]([H:105])([H:106])[C:21]([H:107])([H:108])[C:23]([O:24][H:74])([H:75])[C:25]2([H:111])[H:112],0,0
38,C1=CC(=CC2=C1[C@@H]3[C@@H](CC2)[C@H]4[C@](CC3)(C(CC4)=O)C)O,[At:21][H:44].[C:1]1([H:46])([H:47])[C:7]([H:50])([H:51])[C:14]2([H:60])[C:12]3([H:57])[C:11]([H:56])([c:6]4[c:5]([c:4]([H:49])[c:3]([O:2][H:48])[c:9]([H:53])[c:8]4[H:52])[C:19]([H:66])([H:67])[C:17]3([H:64])[H:65])[C:13]([H:58])([H:59])[C:10]([H:54])([H:55])[C@:16]2([C:15]([H:61])([H:62])[H:63])[C:18]1=[O:20].[H+:45]>>[At+:21].[C:1]1([H:46])([H:47])[C:7]([H:50])([H:51])[C:14]2([H:60])[C:12]3([H:57])[C:11]([H:56])([c:6]4[c:5]([c:4]([H:49])[c:3]([O:2][H:48])[c:9]([H:53])[c:8]4[H:52])[C:19]([H:66])([H:67])[C:17]3([H:64])[H:65])[C:13]([H:58])([H:59])[C:10]([H:54])([H:55])[C@:16]2([C:15]([H:61])([H:62])[H:63])[C:18]1([O:20][H:45])[H:44],0,0
39,C1=C(C(=CC=C1C=CC(CC(C=CC2=CC=C(C(=C2)OC)O)=O)=O)O)OC,[At:28][H:49].[C:1](=[C:6]([c:8]1[c:9]([H:57])[c:11]([O:12][C:15]([H:60])([H:61])[H:62])[c:19]([O:23][H:68])[c:24]([H:69])[c:26]1[H:70])[H:53])([C:25]([C:22]([C:20]([C:18](=[C:17]([c:13]1[c:10]([H:58])[c:4]([O:5][C:7]([H:54])([H:55])[H:56])[c:3]([O:2][H:52])[c:16]([H:63])[c:14]1[H:59])[H:64])[H:65])=[O:21])([H:66])[H:67])=[O:27])[H:51].[H+:50]>>[At+:28].[C:1](=[C:6]([c:8]1[c:9]([H:57])[c:11]([O:12][C:15]([H:60])([H:61])[H:62])[c:19]([O:23][H:68])[c:24]([H:69])[c:26]1[H:70])[H:53])([C:25]([C:22]([C:20]([C:18](=[C:17]([c:13]1[c:10]([H:58])[c:4]([O:5][C:7]([H:54])([H:55])[H:56])[c:3]([O:2][H:52])[c:16]([H:63])[c:14]1[H:59])[H:64])[H:65])([O:21][H:50])[H:49])([H:66])[H:67])=[O:27])[H:51],0,0
40,C1=CC(=CC2=C1[N]C=C2CCNC(C)=O)OC,[At:18][H:36].[H+:35].[c:1]1([H:37])[c:2]2[c:3]([c:5]([H:38])[c:7]([H:41])[c:9]1[O:10][C:11]([H:44])([H:45])[H:46])[n:16]([H:51])[c:17]([H:52])[c:4]2[C:6]([C:8]([N:12]([C:13](=[O:14])[C:15]([H:48])([H:49])[H:50])[H:47])([H:42])[H:43])([H:39])[H:40]>>[At+:18].[c:1]1([H:37])[c:2]2[c:3]([c:5]([H:38])[c:7]([H:41])[c:9]1[O:10][C:11]([H:44])([H:45])[H:46])[n:16]([H:51])[c:17]([H:52])[c:4]2[C:6]([C:8]([N:12]([C:13]([O:14][H:35])([C:15]([H:48])([H:49])[H:50])[H:36])[H:47])([H:42])[H:43])([H:39])[H:40],0,0
41,C1=C(C=CC=N1)C(C=CC(C)C)=O,[At:14][H:28].[H+:27].[c:1]1([H:29])[n:2][c:4]([H:31])[c:6]([H:32])[c:7]([H:33])[c:9]1[C:10](=[O:11])[C:13](=[C:3]([N:5]([C:8]([H:34])([H:35])[H:36])[C:12]([H:37])([H:38])[H:39])[H:30])[H:40]>>[At+:14].[c:1]1([H:29])[n:2][c:4]([H:31])[c:6]([H:32])[c:7]([H:33])[c:9]1[C:10]([O:11][H:27])([C:13](=[C:3]([N:5]([C:8]([H:34])([H:35])[H:36])[C:12]([H:37])([H:38])[H:39])[H:30])[H:40])[H:28],0,0
42,C1=NC(=CC=C1C(C)=O)C(F)(F)F,[At:14][H:22].[H+:21].[c:1]1([H:23])[n:2][c:3]([C:5]([F:8])([F:9])[F:10])[c:4]([H:24])[c:6]([H:25])[c:7]1[C:11](=[O:12])[C:13]([H:26])([H:27])[H:28]>>[At+:14].[c:1]1([H:23])[n:2][c:3]([C:5]([F:8])([F:9])[F:10])[c:4]([H:24])[c:6]([H:25])[c:7]1[C:11]([O:12][H:21])([C:13]([H:26])([H:27])[H:28])[H:22],0,1
43,C1=NC(=CC=C1C(C)=O)Br,[At:11][H:19].[C:1](=[O:6])([C:8]([H:22])([H:23])[H:24])[c:10]1[c:2]([H:20])[n:3][c:4]([Br:5])[c:7]([H:21])[c:9]1[H:25].[H+:18]>>[At+:11].[C:1]([O:6][H:18])([C:8]([H:22])([H:23])[H:24])([c:10]1[c:2]([H:20])[n:3][c:4]([Br:5])[c:7]([H:21])[c:9]1[H:25])[H:19],0,1
44,C1=NC=NC=C1C(C)=O,[At:10][H:18].[H+:17].[c:1]1([H:19])[n:2][c:3]([H:20])[c:4]([C:5](=[O:7])[C:9]([H:22])([H:23])[H:24])[c:6]([H:21])[n:8]1>>[At+:10].[c:1]1([H:19])[n:2][c:3]([H:20])[c:4]([C:5]([O:7][H:17])([C:9]([H:22])([H:23])[H:24])[H:18])[c:6]([H:21])[n:8]1,0,0
45,C1=NC=CN=C1C(C)=O,[At:10][H:18].[C:1](=[O:4])([C:6]([H:21])([H:22])[H:23])[c:9]1[c:2]([H:19])[n:3][c:5]([H:20])[c:7]([H:24])[n:8]1.[H+:17]>>[At+:10].[C:1]([O:4][H:17])([C:6]([H:21])([H:22])[H:23])([c:9]1[c:2]([H:19])[n:3][c:5]([H:20])[c:7]([H:24])[n:8]1)[H:18],0,1
46,C1=CC=CC2=C1N=CC(=C2)C(C)=O,[At:14][H:25].[H+:24].[c:1]1([H:26])[n:2][c:3]2[c:4]([c:5]([H:27])[c:9]([H:29])[c:11]([H:30])[c:13]2[H:34])[c:6]([H:28])[c:7]1[C:8](=[O:10])[C:12]([H:31])([H:32])[H:33]>>[At+:14].[c:1]1([H:26])[n:2][c:3]2[c:4]([c:5]([H:27])[c:9]([H:29])[c:11]([H:30])[c:13]2[H:34])[c:6]([H:28])[c:7]1[C:8]([O:10][H:24])([C:12]([H:31])([H:32])[H:33])[H:25],0,1
47,C1=CC=CC2=C1C(=C[N]2)C(C)=O,[At:13][H:24].[H+:23].[n:1]1([H:25])[c:7]2[c:3]([c:2]([H:26])[c:12]([H:33])[c:10]([H:31])[c:8]2[H:27])[c:4]([C:5](=[O:6])[C:9]([H:28])([H:29])[H:30])[c:11]1[H:32]>>[At+:13].[n:1]1([H:25])[c:7]2[c:3]([c:2]([H:26])[c:12]([H:33])[c:10]([H:31])[c:8]2[H:27])[c:4]([C:5]([O:6][H:23])([C:9]([H:28])([H:29])[H:30])[H:24])[c:11]1[H:32],0,0
48,C1=C([N]N=C1)C(C)=O,[At:9][H:17].[C:1]([C:6]([c:5]1[n:4]([H:22])[n:3][c:2]([H:21])[c:7]1[H:23])=[O:8])([H:18])([H:19])[H:20].[H+:16]>>[At+:9].[C:1]([C:6]([c:5]1[n:4]([H:22])[n:3][c:2]([H:21])[c:7]1[H:23])([O:8][H:16])[H:17])([H:18])([H:19])[H:20],0,0
49,C1=C[N](C(=N1)C(C)=O)C,[At:10][H:20].[H+:19].[c:1]1([H:21])[n:2][c:3]([C:4](=[O:5])[C:8]([H:23])([H:24])[H:25])[n:6]([C:9]([H:26])([H:27])[H:28])[c:7]1[H:22]>>[At+:10].[c:1]1([H:21])[n:2][c:3]([C:4]([O:5][H:19])([C:8]([H:23])([H:24])[H:25])[H:20])[n:6]([C:9]([H:26])([H:27])[H:28])[c:7]1[H:22],0,0
50,C1=CC(=CC=C1C(C)=O)N[S](=O)(=O)C,[At:15][H:28].[H+:27].[c:1]1([H:29])[c:2]([H:30])[c:3]([C:4](=[O:5])[C:7]([H:32])([H:33])[H:34])[c:11]([H:35])[c:13]([H:39])[c:14]1[N:6]([S:8](=[O:9])(=[O:10])[C:12]([H:36])([H:37])[H:38])[H:31]>>[At+:15].[c:1]1([H:29])[c:2]([H:30])[c:3]([C:4]([O:5][H:27])([C:7]([H:32])([H:33])[H:34])[H:28])[c:11]([H:35])[c:13]([H:39])[c:14]1[N:6]([S:8](=[O:9])(=[O:10])[C:12]([H:36])([H:37])[H:38])[H:31],0,1
51,C1=C(C=CC=C1C(C)=O)C#N,[At:12][H:21].[H+:20].[c:1]1([C:6](=[O:8])[C:9]([H:24])([H:25])[H:26])[c:2]([H:22])[c:3]([C:4]#[N:5])[c:7]([H:23])[c:10]([H:27])[c:11]1[H:28]>>[At+:12].[c:1]1([C:6]([O:8][H:20])([C:9]([H:24])([H:25])[H:26])[H:21])[c:2]([H:22])[c:3]([C:4]#[N:5])[c:7]([H:23])[c:10]([H:27])[c:11]1[H:28],0,1
52,C1=CC(=CC=C1C(C)=O)I,[At:11][H:20].[H+:19].[O:1]=[C:10]([C:5]([H:22])([H:23])[H:24])[c:8]1[c:7]([H:26])[c:6]([H:25])[c:3]([I:4])[c:2]([H:21])[c:9]1[H:27]>>[At+:11].[O:1]([C:10]([C:5]([H:22])([H:23])[H:24])([c:8]1[c:7]([H:26])[c:6]([H:25])[c:3]([I:4])[c:2]([H:21])[c:9]1[H:27])[H:20])[H:19],0,1
53,C1=CC(=CC=C1C(C)=O)B2OC(C(O2)(C)C)(C)C,[At:19][H:40].[H+:39].[c:1]1([H:41])[c:2]([B:3]2[O:4][C:5]([C:8]([H:42])([H:43])[H:44])([C:17]([H:56])([H:57])[H:58])[C:6]([C:9]([H:45])([H:46])[H:47])([C:16]([H:53])([H:54])[H:55])[O:7]2)[c:10]([H:48])[c:11]([H:49])[c:12]([C:13](=[O:14])[C:15]([H:50])([H:51])[H:52])[c:18]1[H:59]>>[At+:19].[c:1]1([H:41])[c:2]([B:3]2[O:4][C:5]([C:8]([H:42])([H:43])[H:44])([C:17]([H:56])([H:57])[H:58])[C:6]([C:9]([H:45])([H:46])[H:47])([C:16]([H:53])([H:54])[H:55])[O:7]2)[c:10]([H:48])[c:11]([H:49])[c:12]([C:13]([O:14][H:39])([C:15]([H:50])([H:51])[H:52])[H:40])[c:18]1[H:59],1,0
54,C1=CC=C(C=C1C(C)=O)OC,[At:12][H:24].[H+:23].[c:1]1([H:25])[c:2]([O:3][C:6]([H:27])([H:28])[H:29])[c:10]([H:33])[c:11]([H:34])[c:4]([H:26])[c:5]1[C:7](=[O:8])[C:9]([H:30])([H:31])[H:32]>>[At+:12].[c:1]1([H:25])[c:2]([O:3][C:6]([H:27])([H:28])[H:29])[c:10]([H:33])[c:11]([H:34])[c:4]([H:26])[c:5]1[C:7]([O:8][H:23])([C:9]([H:30])([H:31])[H:32])[H:24],0,1
55,C1=CC(=CC=C1C(C)=O)OC,[At:12][H:24].[H+:23].[c:1]1([H:25])[c:2]([O:3][C:7]([H:26])([H:27])[H:28])[c:9]([H:32])[c:11]([H:34])[c:4]([C:5](=[O:6])[C:8]([H:29])([H:30])[H:31])[c:10]1[H:33]>>[At+:12].[c:1]1([H:25])[c:2]([O:3][C:7]([H:26])([H:27])[H:28])[c:9]([H:32])[c:11]([H:34])[c:4]([C:5]([O:6][H:23])([C:8]([H:29])([H:30])[H:31])[H:24])[c:10]1[H:33],0,1
56,C1=C(C(=CC=C1C(C)=O)OC)OC,[At:14][H:28].[H+:27].[c:1]1([H:29])[c:2]([O:3][C:6]([H:32])([H:33])[H:34])[c:10]([O:12][C:13]([H:38])([H:39])[H:40])[c:4]([H:30])[c:5]([H:31])[c:7]1[C:8](=[O:9])[C:11]([H:35])([H:36])[H:37]>>[At+:14].[c:1]1([H:29])[c:2]([O:3][C:6]([H:32])([H:33])[H:34])[c:10]([O:12][C:13]([H:38])([H:39])[H:40])[c:4]([H:30])[c:5]([H:31])[c:7]1[C:8]([O:9][H:27])([C:11]([H:35])([H:36])[H:37])[H:28],0,1
57,C1=C(C=C(C=C1C(C)=O)OC)OC,[At:14][H:28].[C:1]([C:12]([c:11]1[c:6]([H:36])[c:8]([O:9][C:10]([H:38])([H:39])[H:40])[c:2]([H:32])[c:3]([O:4][C:5]([H:33])([H:34])[H:35])[c:7]1[H:37])=[O:13])([H:29])([H:30])[H:31].[H+:27]>>[At+:14].[C:1]([C:12]([c:11]1[c:6]([H:36])[c:8]([O:9][C:10]([H:38])([H:39])[H:40])[c:2]([H:32])[c:3]([O:4][C:5]([H:33])([H:34])[H:35])[c:7]1[H:37])([O:13][H:27])[H:28])([H:29])([H:30])[H:31],0,1
58,C1=C(C(=C(C=C1C(C)=O)Cl)N)Cl,[At:13][H:22].[C:1]([C:10]([c:9]1[c:2]([H:26])[c:3]([Cl:4])[c:5]([N:11]([H:28])[H:29])[c:6]([Cl:7])[c:8]1[H:27])=[O:12])([H:23])([H:24])[H:25].[H+:21]>>[At+:13].[C:1]([C:10]([c:9]1[c:2]([H:26])[c:3]([Cl:4])[c:5]([N:11]([H:28])[H:29])[c:6]([Cl:7])[c:8]1[H:27])([O:12][H:21])[H:22])([H:23])([H:24])[H:25],0,0
59,C1=C(C(=CC=C1C(CBr)=O)O)CO,[At:14][H:24].[H+:25].[c:1]1([H:26])[c:6]([C:7](=[O:9])[C:10]([Br:13])([H:30])[H:31])[c:5]([H:28])[c:4]([C:11]([O:12][H:34])([H:32])[H:33])[c:3]([O:2][H:27])[c:8]1[H:29]>>[At+:14].[c:1]1([H:26])[c:6]([C:7]([O:9][H:25])([C:10]([Br:13])([H:30])[H:31])[H:24])[c:5]([H:28])[c:4]([C:11]([O:12][H:34])([H:32])[H:33])[c:3]([O:2][H:27])[c:8]1[H:29],0,0
60,C1=CC(=C(C=C1C(CBr)=O)[N+](=O)[O-])O,[At:15][H:22].[H+:23].[O:1]([c:2]1[c:3]([N+:8](=[O:11])[O-:12])[c:5]([H:26])[c:6]([C:7](=[O:9])[C:10]([Br:13])([H:27])[H:28])[c:14]([H:29])[c:4]1[H:25])[H:24]>>[At+:15].[O:1]([c:2]1[c:3]([N+:8](=[O:11])[O-:12])[c:5]([H:26])[c:6]([C:7]([O:9][H:23])([C:10]([Br:13])([H:27])[H:28])[H:22])[c:14]([H:29])[c:4]1[H:25])[H:24],0,0
61,C1=C(C(=C(C=C1C(CNC(C)(C)C)=O)Cl)N)Cl,[At:18][H:36].[C:1]([C:8]([H:38])([H:39])[H:40])([C:14]([H:44])([H:45])[H:46])([C:15]([H:47])([H:48])[H:49])[N:16]([C:13]([C:11]([c:10]1[c:2]([H:37])[c:3]([Cl:4])[c:5]([N:17]([H:51])[H:52])[c:6]([Cl:7])[c:9]1[H:41])=[O:12])([H:42])[H:43])[H:50].[H+:35]>>[At+:18].[C:1]([C:8]([H:38])([H:39])[H:40])([C:14]([H:44])([H:45])[H:46])([C:15]([H:47])([H:48])[H:49])[N:16]([C:13]([C:11]([c:10]1[c:2]([H:37])[c:3]([Cl:4])[c:5]([N:17]([H:51])[H:52])[c:6]([Cl:7])[c:9]1[H:41])([O:12][H:35])[H:36])([H:42])[H:43])[H:50],0,0
62,C1=C(C=CC(=C1)C[C@@H](C(=O)O)N)C(C)=O,[At:16][H:30].[H+:31].[c:1]1([H:32])[c:6]([C:7](=[O:8])[C:9]([H:35])([H:36])[H:37])[c:13]([H:42])[c:15]([H:44])[c:12]([C:11]([C:5]([C:3]([O:2][H:33])=[O:4])([N:10]([H:38])[H:39])[H:34])([H:40])[H:41])[c:14]1[H:43]>>[At+:16].[c:1]1([H:32])[c:6]([C:7]([O:8][H:31])([C:9]([H:35])([H:36])[H:37])[H:30])[c:13]([H:42])[c:15]([H:44])[c:12]([C:11]([C:5]([C:3]([O:2][H:33])=[O:4])([N:10]([H:38])[H:39])[H:34])([H:40])[H:41])[c:14]1[H:43],0,0
63,C1C(CCC1)C(C)=O,[At:9][H:23].[C:1]1([H:24])([H:25])[C:2]([C:3](=[O:4])[C:6]([H:29])([H:30])[H:31])([H:26])[C:8]([H:34])([H:35])[C:7]([H:32])([H:33])[C:5]1([H:27])[H:28].[H+:22]>>[At+:9].[C:1]1([H:24])([H:25])[C:2]([C:3]([O:4][H:22])([C:6]([H:29])([H:30])[H:31])[H:23])([H:26])[C:8]([H:34])([H:35])[C:7]([H:32])([H:33])[C:5]1([H:27])[H:28],1,1
64,C1CC1C(C)=O,[At:7][H:17].[C:1]1([C:2](=[O:3])[C:5]([H:21])([H:22])[H:23])([H:18])[C:4]([H:19])([H:20])[C:6]1([H:24])[H:25].[H+:16]>>[At+:7].[C:1]1([C:2]([O:3][H:16])([C:5]([H:21])([H:22])[H:23])[H:17])([H:18])[C:4]([H:19])([H:20])[C:6]1([H:24])[H:25],0,0
